<?xml version="1.0" encoding="UTF-8" ?>
<!-- Generated by Oracle SOA Modeler version 1.0 at [2/04/12 2:39 PM]. -->
<composite name="DynamicDriver2"
           revision="2.0"
           label="2012-04-02_14-39-55_151"
           mode="active"
           state="on"
           xmlns="http://xmlns.oracle.com/sca/1.0"
           xmlns:xs="http://www.w3.org/2001/XMLSchema"
           xmlns:wsp="http://schemas.xmlsoap.org/ws/2004/09/policy"
           xmlns:orawsp="http://schemas.oracle.com/ws/2006/01/policy"
           xmlns:ui="http://xmlns.oracle.com/soa/designer/">
  <import namespace="http://xmlns.oracle.com/ATeamDynamic/DynamicDriver2/BPELProcess"
          location="BPELProcess.wsdl" importType="wsdl"/>
  <import namespace="http://xmlns.oracle.com/ATeamDynamic/Service/Process"
          location="http://nato.de.oracle.com:8702/soa-infra/services/default/Service_1!1.0/Process.wsdl"
          importType="wsdl"/>
  <service name="bpelprocess_client_ep" ui:wsdlLocation="BPELProcess.wsdl">
    <interface.wsdl interface="http://xmlns.oracle.com/ATeamDynamic/DynamicDriver2/BPELProcess#wsdl.interface(BPELProcess)"/>
    <binding.ws port="http://xmlns.oracle.com/ATeamDynamic/DynamicDriver2/BPELProcess#wsdl.endpoint(bpelprocess_client_ep/BPELProcess_pt)"/>
  </service>
  <component name="BPELProcess" version="2.0">
    <implementation.bpel src="BPELProcess.bpel"/>
  </component>
  <reference name="Service1"
             ui:wsdlLocation="http://nato.de.oracle.com:8702/soa-infra/services/default/Service_1!1.0/Process.wsdl">
    <interface.wsdl interface="http://xmlns.oracle.com/ATeamDynamic/Service/Process#wsdl.interface(Process)"/>
    <binding.ws port="http://xmlns.oracle.com/ATeamDynamic/Service/Process#wsdl.endpoint(process_client_ep/Process_pt)"
                location="http://nato.de.oracle.com:8702/soa-infra/services/default/Service_1!1.0/process_client_ep?WSDL"
                soapVersion="1.1">
      <property name="weblogic.wsee.wsat.transaction.flowOption"
                type="xs:string" many="false">WSDLDriven</property>
    </binding.ws>
  </reference>
  <wire>
    <source.uri>bpelprocess_client_ep</source.uri>
    <target.uri>BPELProcess/bpelprocess_client</target.uri>
  </wire>
  <wire>
    <source.uri>BPELProcess/Service1</source.uri>
    <target.uri>Service1</target.uri>
  </wire>
</composite>
